epoch,accuracy,loss,val_accuracy,val_loss
0,0.26175,1.6040797120034695,0.2645,1.5656046048719436
1,0.267,1.5598638430386782,0.2795,1.5271458377726377
2,0.28475,1.5068946882374585,0.26825,1.5053823011182248
3,0.28475,1.4944866492636502,0.28825,1.4664033690653742
4,0.282,1.4697469491623343,0.27325,1.4743148924894631
5,0.29,1.4500300856921822,0.3015,1.4535943070650101
6,0.30775,1.4230298126861454,0.30075,1.4333475575763732
7,0.31275,1.4206944287754595,0.30425,1.4253866103030741
8,0.3145,1.4042044565565883,0.31175,1.417194624211639
9,0.3185,1.392283471416682,0.3255,1.3884770024567843
10,0.3325,1.3863867689184846,0.32675,1.3814218871407211
11,0.34275,1.3777732765860855,0.3335,1.369160024188459
12,0.3315,1.3703744488433003,0.3515,1.353479429218918
13,0.36675,1.3334079045467078,0.35,1.340712202838622
14,0.371,1.3160395707357675,0.37075,1.3101924142315984
15,0.365,1.308419947385788,0.37275,1.2996354798395187
16,0.38325,1.2859051519818605,0.38025,1.2852203193549068
17,0.38975,1.261607363115996,0.3825,1.2829845713861288
18,0.406,1.247587684392929,0.3915,1.2649979773701634
19,0.40775,1.2300291832042858,0.41475,1.2218423108048737
20,0.41775,1.2204931960524992,0.40925,1.2149867674410344
21,0.43575,1.1796257031913846,0.43275,1.1841310661435127
22,0.44275,1.156784636683762,0.436,1.1738486060928552
23,0.45325,1.1381544789392501,0.4545,1.1227071103155613
24,0.46025,1.1152814293839037,0.47025,1.1133861423684284
25,0.4765,1.0892982257418335,0.4805,1.0863993509141727
26,0.48075,1.0642381212571637,0.49325,1.0593732803291642
27,0.4985,1.0329891145059373,0.49825,1.0417448069527746
28,0.50575,1.0130348457954823,0.51575,1.0089604265033267
29,0.5245,0.9887300305878743,0.52475,0.9776406670757569
30,0.5445,0.9558872542753816,0.5395,0.9477464308817871
31,0.5565,0.9247854801474604,0.545,0.9308670223797672
32,0.5625,0.895309732105583,0.55025,0.9177332573151216
33,0.5775,0.8708785854200832,0.5765,0.8814974230101797
34,0.58775,0.8384923247853294,0.5715,0.8639829014528078
35,0.592,0.8347250642110594,0.58225,0.863048590678256
36,0.60825,0.8052756615148392,0.6045,0.8142482612631283
37,0.61575,0.7927895799918333,0.617,0.7974268852152163
38,0.62,0.7774681871659123,0.6135,0.7907267897705896
39,0.628,0.7560001996899955,0.632,0.7689170721925912
40,0.62975,0.7312460851410869,0.641,0.7395325819033897
41,0.66375,0.7135125327602727,0.645,0.7337171588630881
42,0.66275,0.6890423863133183,0.64125,0.7216190142806154
43,0.6725,0.6739336688863695,0.6715,0.692880160440167
44,0.6815,0.6671616216740803,0.6735,0.6692876912284701
45,0.68625,0.6579768527820125,0.68075,0.666547558622653
46,0.69275,0.6426789342342235,0.671,0.6600328871930251
47,0.69825,0.6226455225099344,0.6795,0.6401251661315619
48,0.699,0.6229319229944377,0.694,0.6205570394142996
49,0.7115,0.5972730523193531,0.68725,0.6291288128767337
50,0.71625,0.5939418214674516,0.6975,0.619737311705423
51,0.717,0.5780691362022189,0.72775,0.581793507827555
52,0.72725,0.5655498650248483,0.72425,0.5862708671631408
53,0.74075,0.5492792255609092,0.721,0.5747479893745622
54,0.7205,0.5615136116239228,0.72425,0.5611330058884705
55,0.74,0.5335612069846757,0.7215,0.5650641295310743
56,0.7425,0.5251006095346711,0.72925,0.5496616250539083
57,0.7495,0.5194271842278977,0.74125,0.5348134831900825
58,0.76325,0.5021325150560151,0.75125,0.531268050988052
59,0.758,0.5042168731930724,0.751,0.52146718479025
60,0.76325,0.4984123766434168,0.7455,0.5192379489006271
61,0.762,0.49656788307684474,0.76075,0.5080092728421841
62,0.766,0.4794037635728382,0.7615,0.5003567460540981
63,0.78075,0.4553136252208051,0.75925,0.5012871786402829
64,0.7755,0.47354079465398174,0.77325,0.4860210474053747
65,0.775,0.4646956750378431,0.7695,0.4798048453951251
66,0.7905,0.4498978680654345,0.77675,0.48013661388014134
67,0.783,0.45014644535210757,0.77775,0.4730853985111826
68,0.79175,0.44394587435194444,0.791,0.44750170847461457
69,0.78675,0.4427293213762805,0.785,0.4570340178972292
70,0.803,0.43269813684223574,0.796,0.4485723580095141
71,0.80225,0.4212304045199489,0.792,0.4477237888416812
72,0.795,0.4321802800443646,0.79575,0.44527064776223596
73,0.8045,0.42128547665723726,0.794,0.4332192122749595
74,0.8005,0.41718230231924686,0.79625,0.43636759204973397
75,0.80625,0.4129680593421826,0.8005,0.4375474167086513
76,0.812,0.4065756325853017,0.80325,0.42954405075108254
77,0.8175,0.39577995829658336,0.80175,0.4319951076638854
78,0.822,0.40105734175601854,0.799,0.43406878860275355
79,0.81425,0.40261345189543135,0.8015,0.42174471010564596
80,0.8215,0.3937443297410414,0.81275,0.4125539696615233
81,0.8275,0.38737386252365513,0.8125,0.4162490336253268
82,0.8215,0.37948319787093715,0.811,0.40703081747505737
83,0.83275,0.37141052692555854,0.8115,0.41635105135571043
84,0.82675,0.3827326031875368,0.828,0.4022553836951528
85,0.82875,0.36813483972426914,0.834,0.37873319183074783
86,0.8375,0.3642252891231003,0.823,0.3904600635863692
87,0.837,0.3608830633870285,0.82075,0.3907738643982227
88,0.8355,0.36251242656905336,0.8225,0.39491769327798626
89,0.83975,0.3527469381955143,0.8285,0.38617186186916885
90,0.84125,0.3508635315732572,0.82775,0.38612411276619457
91,0.8475,0.3507423934500471,0.836,0.36752229484870086
92,0.853,0.34164210270239276,0.825,0.38656704809895415
93,0.8535,0.3422625078035137,0.83475,0.37340608657294944
94,0.8365,0.35130200502804576,0.83725,0.36411800668591227
95,0.848,0.34276821715929906,0.832,0.3732030453974883
96,0.85475,0.3338894610746673,0.8305,0.37846084005879255
97,0.849,0.33948992279816514,0.83975,0.3634782364102249
98,0.86,0.32673215666745886,0.83475,0.3655235670291611
99,0.85125,0.3313754901513563,0.8435,0.3575934871119649
100,0.8615,0.3195223234041101,0.8465,0.34183607679850864
101,0.85375,0.3284024638108349,0.84075,0.3627285529095389
102,0.86125,0.31920605459751666,0.8465,0.3494362323079464
103,0.87,0.2984912502586867,0.847,0.34516473749474114
104,0.86975,0.30437864324560066,0.854,0.33591236869051966
105,0.867,0.3055202971885472,0.8475,0.35101856129920744
106,0.86025,0.30568977251652507,0.8485,0.3366305926131213
107,0.859,0.3118856575855141,0.8465,0.3460621486442151
108,0.8665,0.3038972549316483,0.84475,0.3400567607594944
109,0.86975,0.29776802044784906,0.84275,0.35913495390949846
110,0.87725,0.304993854518377,0.855,0.3361560581860018
111,0.86625,0.3043266419121159,0.848,0.3317725910972176
112,0.87,0.2985422078167895,0.85675,0.32692110800913066
113,0.875,0.29302410915543314,0.85975,0.3273975754225072
114,0.86725,0.30369480454795633,0.8555,0.32734361228143444
115,0.869,0.293474378588668,0.85575,0.33287818376124245
116,0.87575,0.29386954268358945,0.8615,0.3306670063793538
117,0.88025,0.2914471244451712,0.8635,0.3171032597813146
118,0.878,0.2866310236988205,0.86075,0.324384532446359
119,0.88125,0.28465451696816585,0.87025,0.31129093204810976
120,0.888,0.2657708835801748,0.862,0.3149827701214338
121,0.88825,0.26723951342176516,0.8735,0.3095988685489898
122,0.87625,0.2807566277178319,0.87375,0.303253884711242
123,0.87475,0.28224360778212937,0.87225,0.29314533017524486
124,0.881,0.27765647033417995,0.87575,0.2995121758550309
125,0.8815,0.27755128640414034,0.87,0.30286660442917585
126,0.88925,0.26565742888466853,0.86975,0.29859386464999493
127,0.89075,0.2541954467383864,0.87475,0.2948693021007831
128,0.88775,0.2627262299943794,0.87575,0.3000657396064587
129,0.89525,0.24707603673769327,0.87425,0.3053802045727028
130,0.8885,0.26093519310970215,0.878,0.29544807412467256
131,0.892,0.25842662781005277,0.8745,0.28722892820525187
132,0.89675,0.24843442209445896,0.88075,0.28286545418502995
133,0.89175,0.25219724196407695,0.8755,0.29367979743102385
134,0.8855,0.2572412864270972,0.8805,0.29659774181361304
135,0.8955,0.25160267924143215,0.87875,0.28732741999921
136,0.89,0.25637218919189864,0.88175,0.2926988449356688
137,0.89675,0.24329366589161308,0.87325,0.2990667896246426
138,0.895,0.24575450730481102,0.87925,0.2777929356123992
139,0.89725,0.241942228783984,0.882,0.2828307265542686
140,0.899,0.24719760632695892,0.87625,0.29870666202774865
141,0.9065,0.22775330896250776,0.88025,0.276826227359218
142,0.898,0.24289282356813932,0.8845,0.2832245903594479
143,0.88875,0.25686882184718873,0.886,0.28108339556132367
144,0.8985,0.24365739536207637,0.8805,0.2906437319551179
145,0.90625,0.23534398827127798,0.8945,0.2638971740781762
146,0.9015,0.23985794255213527,0.89125,0.27127233538993095
147,0.9055,0.228184310347167,0.88475,0.28218171012715004
148,0.9,0.2420209661963697,0.886,0.2717453010740564
149,0.9075,0.2241364812361635,0.8875,0.27965764965917056
150,0.91175,0.22528504494231125,0.8835,0.28219322159870946
151,0.9095,0.2224133871276938,0.8885,0.27235923180057636
152,0.9045,0.22836316303325982,0.89475,0.2689498203029841
153,0.90225,0.23311917765361545,0.8935,0.26076385719225076
154,0.89875,0.2333369077495441,0.8825,0.26799750121458565
155,0.9075,0.22687386113595312,0.8865,0.2725852325773442
156,0.90575,0.22526999731816,0.8935,0.25279513370607787
157,0.90875,0.22310900050360802,0.89025,0.2641161323280412
158,0.9095,0.21770113339229266,0.887,0.27467773046786176
159,0.909,0.22333801600013978,0.8985,0.2526715402128118
160,0.9055,0.21857775366269516,0.8845,0.26724849835274705
161,0.906,0.2268307894566799,0.888,0.26673099571946374
162,0.9075,0.21983787136669336,0.88925,0.25820464043119523
163,0.91225,0.20506272008562887,0.8925,0.25511453113352106
164,0.91325,0.21234303792629247,0.89625,0.2524716784491656
165,0.9095,0.2119468991693632,0.8985,0.2568661016491087
166,0.90925,0.21954838097393167,0.90025,0.246917583634616
167,0.914,0.21088517178992736,0.89525,0.25600962630504154
168,0.9115,0.21644884078520435,0.89575,0.25185488531901534
169,0.9145,0.20976769868042677,0.898,0.24438631143203227
170,0.90825,0.20572508702765677,0.89775,0.24685490502887159
171,0.91425,0.21649153218539943,0.90375,0.2442741245143079
172,0.91625,0.21124297853144758,0.90825,0.2396680669046251
173,0.91825,0.20331260880657226,0.89825,0.24620200618079605
174,0.92125,0.19384268046418981,0.9,0.24694645964281772
175,0.9125,0.20723919062582605,0.90325,0.2425529984356406
176,0.9225,0.19146433214164327,0.894,0.2546554320712759
177,0.92,0.20124650851171233,0.903,0.24123615749646207
178,0.91675,0.1990360563074477,0.9075,0.23402397605151543
179,0.918,0.1971115109757323,0.89575,0.2479366220817052
180,0.921,0.19631266301868525,0.905,0.23749719539930983
181,0.9205,0.1943946840240606,0.9085,0.2326639476709606
182,0.91075,0.20459094114280224,0.90475,0.24256237572139866
183,0.92175,0.19545286584131288,0.902,0.24277145521408297
184,0.91925,0.19468398425976452,0.9075,0.23467130278693196
185,0.92075,0.1935043077606644,0.90975,0.23902280866489015
186,0.921,0.19189869773427473,0.90575,0.23543991080687432
187,0.9205,0.19174100525138724,0.90425,0.2344551708661155
188,0.9255,0.18184484687988303,0.9085,0.23384136834483246
189,0.92925,0.1860818248237225,0.9125,0.22755419771212262
190,0.92575,0.18852848499546715,0.9125,0.2248464456020779
191,0.9245,0.1826599628176296,0.90725,0.2255192843879944
192,0.9195,0.19082679892207244,0.9025,0.24849112181188687
193,0.9265,0.1874271097406915,0.91,0.23194298962007234
194,0.9205,0.18375241247355195,0.903,0.23576768329147132
195,0.9335,0.1730425406203419,0.91175,0.22497349758594687
196,0.924,0.18709240056262486,0.90975,0.2390028137100385
197,0.92375,0.18340570225976807,0.9145,0.21529189379485658
198,0.92575,0.18141579101463434,0.911,0.22330377077832184
199,0.92875,0.178000363325649,0.915,0.22524691309874273
200,0.92475,0.1780125958561617,0.91575,0.21239555696353477
201,0.9205,0.18761290479851175,0.91375,0.216647572727277
202,0.92025,0.1829753472604822,0.91425,0.22722617219875557
203,0.9305,0.18386213790450984,0.915,0.22061026607853967
204,0.92525,0.1804091802108109,0.91475,0.21327103350938292
205,0.93175,0.1769737151244203,0.911,0.21862144746116974
206,0.93025,0.17677323698252742,0.90875,0.22203367941511873
207,0.925,0.18203878094644466,0.91475,0.21949740390669192
208,0.93125,0.17445273464495067,0.915,0.21342037784651025
209,0.92825,0.17205190959996694,0.91475,0.21644775252354903
210,0.92325,0.17813993707604756,0.9225,0.20871640221618323
211,0.9305,0.17332548753563665,0.92,0.20835911301194526
212,0.93025,0.1743551866185316,0.91825,0.20938024181682177
213,0.9395,0.16102088845200785,0.915,0.2092696734353765
214,0.92925,0.17719553871304303,0.91625,0.20936402232895063
215,0.93025,0.1747793734703311,0.91625,0.21905174344909978
216,0.9315,0.1669103431678596,0.915,0.21435904699896308
217,0.93275,0.1660272241535204,0.91625,0.2186409919087816
218,0.934,0.17167677146862811,0.91925,0.20850566592734385
219,0.927,0.18055363085227305,0.9185,0.213373897699396
220,0.9355,0.16663605516492738,0.9205,0.21391348435698343
221,0.931,0.16785046407876242,0.9185,0.2082356044089903
222,0.93275,0.17018825926437553,0.91625,0.20491116070954365
223,0.9355,0.16577956573269095,0.915,0.21742881186877389
224,0.93025,0.16659214268115918,0.9195,0.20570558936240463
225,0.9345,0.16209188424294657,0.915,0.21534259636446443
226,0.9245,0.18240885278918278,0.911,0.21316061057070437
227,0.93425,0.171844317152237,0.91725,0.20911682434893009
228,0.9265,0.1798974877311025,0.92075,0.20150725501037517
229,0.93425,0.16778307362639874,0.924,0.19777419399219645
230,0.93225,0.1640212354709625,0.9245,0.2025922676887627
231,0.93525,0.16485295168842162,0.9175,0.21348657021958278
232,0.9415,0.15352210248003575,0.91975,0.20620859336870564
233,0.937,0.15785575665316726,0.92025,0.21179639504827805
234,0.938,0.1614921060128597,0.91325,0.2059858212548631
235,0.93975,0.15918493921739063,0.9235,0.19458330034309274
236,0.937,0.1586642673173754,0.926,0.19623073035804323
237,0.94125,0.1511026423855948,0.928,0.18778509501618454
238,0.93675,0.16193307609347304,0.92225,0.19587016729590984
239,0.93775,0.1566818373033394,0.92675,0.1983929955660998
240,0.9395,0.15465111667870782,0.92375,0.20280553677373833
241,0.94075,0.1471540787945748,0.91875,0.21108778349474233
242,0.942,0.1425597061410562,0.923,0.19777588613020905
243,0.93775,0.16150451807910798,0.92775,0.19029079843755545
244,0.93925,0.15452272629562366,0.925,0.19556646289663207
245,0.941,0.15111020418327503,0.92325,0.1992817624102263
246,0.937,0.1588806022308201,0.92475,0.193150441876517
247,0.94325,0.150862341246588,0.91975,0.2101519190131417
248,0.93425,0.16133202469383415,0.92625,0.1942605586852049
249,0.94025,0.14916858107762057,0.92375,0.19092353014318741
250,0.94725,0.14140465555981316,0.93525,0.1817785914736217
251,0.93475,0.15938936896947786,0.927,0.19877129092377085
252,0.9445,0.1412576667937069,0.92675,0.1867503688830108
253,0.93625,0.16507640313130428,0.9295,0.18177900828805404
254,0.9405,0.14296818046754078,0.93275,0.17549199693624226
255,0.9425,0.14580857475688894,0.92525,0.193350981945696
256,0.94,0.15364455137698727,0.927,0.19671983199380427
257,0.939,0.145706332312677,0.9285,0.1897373413301512
258,0.94,0.1495005407942011,0.9305,0.18911478536200532
259,0.94225,0.140840851104095,0.927,0.18621212625783162
260,0.94275,0.14715444335816397,0.929,0.18049786016487593
261,0.9435,0.13947269107901958,0.931,0.18168779794503354
262,0.9495,0.13345579892274692,0.92925,0.19058659587281357
263,0.942,0.14189291940756896,0.93075,0.1874119349849464
264,0.94175,0.15148034856989492,0.92725,0.1845075327700024
265,0.94625,0.13253055895300053,0.926,0.1915109534327415
266,0.9435,0.1443363451858659,0.92475,0.19415362502063196
267,0.94025,0.14720104508151838,0.93075,0.18580215207158193
268,0.94725,0.13847179910244994,0.924,0.19509075023991782
269,0.94175,0.1474490641564308,0.93,0.17778981838743652
270,0.942,0.13156625098136968,0.92975,0.17528117285334258
271,0.94425,0.13959206859926304,0.9265,0.1830970641681139
272,0.94225,0.14229373531449363,0.92675,0.18793190255872988
273,0.94475,0.13959299401485162,0.938,0.16680622396219316
274,0.94675,0.13154868093147645,0.92525,0.19181325521666703
275,0.94625,0.13340003247600463,0.92875,0.19136572765613102
276,0.94925,0.1320517440341656,0.925,0.19334348674933477
277,0.9485,0.13661036665357382,0.937,0.1687208831252303
278,0.954,0.12673808960314153,0.92975,0.185155502067332
279,0.94525,0.1371772427509528,0.9345,0.18903169858967847
280,0.94675,0.14109306291639087,0.925,0.20399029385218756
281,0.94875,0.13167919975618575,0.9285,0.18173884287083825
282,0.9515,0.1231706171652047,0.93225,0.1858787957986658
283,0.94725,0.1311246714943689,0.93725,0.1702146679542337
284,0.94775,0.13489189636859844,0.92825,0.18407398770429478
285,0.94925,0.13024610142686527,0.93275,0.17232001616862885
286,0.94525,0.1425841416238069,0.93175,0.17124951740153194
287,0.944,0.1378861459114531,0.934,0.181211466541387
288,0.9425,0.13720436362635408,0.928,0.18661871374058608
289,0.95025,0.1271780299827273,0.93275,0.17338113709401973
290,0.947,0.13231704456716534,0.93325,0.1669755826935768
291,0.94575,0.12564585026360514,0.93225,0.17714846629273784
292,0.94125,0.1418064254642453,0.941,0.16254770774014848
293,0.94775,0.1312644686206325,0.93475,0.1827104513384282
294,0.94925,0.13096833588487986,0.9335,0.1716900440414522
295,0.94675,0.1398983222772777,0.93175,0.1769451774916126
296,0.94475,0.14090860199574745,0.93925,0.16457130021334557
297,0.9555,0.12309354960239734,0.93725,0.1659426167784033
298,0.952,0.12998370204931273,0.9355,0.170526512119466
299,0.94775,0.1268409053021076,0.93225,0.17642284653063098
300,0.94975,0.12810404682794085,0.9305,0.1819588113147723
301,0.9495,0.12290905973072233,0.931,0.18155010527210114
302,0.952,0.11904397768421118,0.9345,0.1807795334982965
303,0.9555,0.11401328956715318,0.94,0.15932516345274886
304,0.94975,0.12659509202064195,0.93425,0.17162336942956238
305,0.9465,0.13777406262948705,0.938,0.1656134072350535
306,0.953,0.1207543330551236,0.93625,0.1665797654121939
307,0.9465,0.12755243707095906,0.9355,0.168562891566244
308,0.95475,0.10881383682628601,0.93775,0.1722552313094769
309,0.949,0.12935381912752517,0.9395,0.1696327592675687
310,0.947,0.13083931013450878,0.94,0.16154808765313952
311,0.9515,0.12223994234454844,0.93725,0.1631469807438
312,0.95925,0.11596866708617182,0.93425,0.1788256115544427
313,0.95575,0.12068525984220924,0.9365,0.17421815370681348
314,0.95475,0.12016000915674803,0.93525,0.1733976113097411
315,0.95175,0.12298367701721101,0.94125,0.16136115123250994
316,0.948,0.1270040668193869,0.938,0.1666968322143851
317,0.953,0.11798570588433793,0.934,0.18047363582920087
318,0.9575,0.11048511558318745,0.943,0.15769292158827836
319,0.958,0.11720918200246581,0.94,0.16244377901202237
320,0.95275,0.12663281135082408,0.93425,0.1693435855701827
321,0.95725,0.1120738453717469,0.93575,0.17036767204009626
322,0.95525,0.1201412144822641,0.93925,0.16043350467657275
323,0.95175,0.12131800395682786,0.941,0.16183754883574447
324,0.95575,0.11795420574518689,0.94,0.17237319509344687
325,0.959,0.10947026699969684,0.94425,0.15747497595134677
326,0.95375,0.12089663996506783,0.93775,0.1645304435911523
327,0.956,0.10893064673905957,0.93575,0.16311410853323408
328,0.95575,0.12163315677928858,0.94575,0.16066453877049466
329,0.9525,0.11646891794950132,0.93825,0.1644698686543024
330,0.9585,0.11187412962277347,0.934,0.17849503573151762
331,0.96,0.11254895765840939,0.9385,0.15250026536349073
332,0.9555,0.1117970907909178,0.94075,0.1670976382774462
333,0.95425,0.11612378764546344,0.94125,0.16005846058846468
334,0.956,0.12024552612834546,0.94625,0.1494032098409435
335,0.95725,0.11877273799383124,0.9425,0.16955524961604934
336,0.952,0.1144179009396639,0.9425,0.16510848205975673
337,0.95825,0.11097383198186717,0.94575,0.1523120958059949
338,0.9575,0.11349205840185413,0.94475,0.14573524948256142
339,0.95675,0.10852320656619008,0.942,0.15692055909439287
340,0.956,0.11183724703767534,0.94875,0.1507323606833201
341,0.95275,0.11300863443293828,0.94125,0.1580640252674545
342,0.9525,0.11759048533008391,0.94175,0.15174277538985712
343,0.962,0.1054242582479105,0.94025,0.15897044508733651
344,0.95675,0.10507390265314498,0.93275,0.16923412577620267
345,0.959,0.11020310505712042,0.942,0.15764563546874383
346,0.95975,0.1079535507523816,0.948,0.14100240782165413
347,0.95525,0.10892280661829858,0.95075,0.14074908913777018
348,0.96025,0.10631264727308883,0.94,0.15515231411094108
349,0.9605,0.11010065505029569,0.9435,0.1490844957191055
350,0.95625,0.11565030552431295,0.947,0.1510993692444414
351,0.95825,0.11120959985737099,0.94425,0.15736784246991517
352,0.95825,0.1102829071763428,0.9445,0.15760735795396952
353,0.96225,0.1132711352246609,0.946,0.15219510457597238
354,0.958,0.1108570565981576,0.94375,0.15334571413807194
355,0.956,0.11211868465843093,0.94625,0.1491443756430662
356,0.9585,0.1108078331199336,0.94425,0.14692331182291127
357,0.963,0.10184916457904483,0.943,0.15486792151732112
358,0.96075,0.10609595878534736,0.94525,0.14878583583142554
359,0.9635,0.09634857697115674,0.94725,0.14091566643929923
360,0.961,0.09874399064727694,0.948,0.14169047875977236
361,0.964,0.09527915188684065,0.9475,0.15287488369464913
362,0.95775,0.1051785159693456,0.944,0.1503552354560335
363,0.96,0.11941655986904562,0.94225,0.14988873103358855
364,0.95775,0.10516367750057051,0.94225,0.15867763146637345
365,0.95925,0.10838789707824902,0.95325,0.1312790758822915
366,0.96025,0.10290561661513742,0.94475,0.1482032165727387
367,0.96075,0.10385643287510321,0.945,0.14350130990177923
368,0.96175,0.10637156475726153,0.9475,0.1440337898532842
369,0.96325,0.10265067605377756,0.94575,0.154198658659227
370,0.96125,0.10518009116992787,0.943,0.15706577853699674
371,0.95775,0.11268077823948115,0.95275,0.13119722604611925
372,0.967,0.09072879968457971,0.95225,0.13480189444064047
373,0.96225,0.1006627794604192,0.95,0.14000286180947724
374,0.9645,0.09331839591287601,0.94575,0.1567047060177031
375,0.961,0.10161289889107038,0.94575,0.15134164386666285
376,0.962,0.0941077278367658,0.949,0.1422637720472313
377,0.96025,0.10309548181126707,0.94425,0.1543198937332662
378,0.96275,0.09841429320365708,0.94925,0.1393002830502002
379,0.963,0.10359195205330397,0.94625,0.15097851368258353
380,0.96525,0.09479701140592725,0.95025,0.14670626721392163
381,0.96675,0.0970891762171317,0.9455,0.13876947213058058
382,0.966,0.08928024098526681,0.955,0.13346179987832926
383,0.96,0.10063678559721352,0.948,0.14139590192880405
384,0.962,0.09792891526081182,0.9455,0.1461518708201435
385,0.9675,0.0879174813518267,0.95,0.13577332383003327
386,0.962,0.09592510373086406,0.94775,0.14112050033702378
387,0.96375,0.08976398717224564,0.94975,0.13963738706834644
388,0.96325,0.09732142835005222,0.9495,0.14972464463104967
389,0.9655,0.09168122666022262,0.95075,0.14620883015211336
390,0.968,0.089262852727629,0.95175,0.1334844210401784
391,0.96375,0.08814854365925777,0.95025,0.14629433454255428
392,0.96325,0.0926675486218897,0.95125,0.13499803728833842
393,0.96425,0.0901719729319163,0.95125,0.14275631399229494
394,0.964,0.0913651288346962,0.949,0.13658245801492228
395,0.95775,0.10314637066322647,0.95425,0.13972028695384067
396,0.96775,0.08425449493983049,0.94825,0.13700501641888269
397,0.966,0.09254043830132269,0.95025,0.1408819255931842
398,0.96925,0.08428205465246842,0.9545,0.13122866170779185
399,0.96275,0.09538494573971303,0.952,0.14472856241272108
400,0.96075,0.09999109414669945,0.95375,0.13052550590057432
401,0.96725,0.08625712249823812,0.951,0.14507203230452922
402,0.963,0.09864211508350526,0.9515,0.1386186122262838
403,0.96625,0.09697176995133765,0.95525,0.13085518456819878
404,0.968,0.08215114730173724,0.9535,0.12728622043869622
405,0.96525,0.09360310518647143,0.951,0.13725309050617868
406,0.968,0.08846025683042763,0.95275,0.13295573790754275
407,0.96625,0.08983188772394313,0.95675,0.13080346889885072
408,0.966,0.08496472524753762,0.94875,0.1413384394677746
409,0.9645,0.0930016651399022,0.94375,0.15513771945992955
410,0.96525,0.090741164005515,0.95225,0.13659812270616037
411,0.9675,0.08571263790583768,0.94875,0.14030511020470054
412,0.97175,0.07619823322637423,0.948,0.13320224269017727
413,0.95975,0.10148636022390924,0.94875,0.14391901643365038
414,0.97275,0.08060679216865682,0.948,0.14691732859400866
415,0.96825,0.08499968531957268,0.95275,0.1419247608666767
416,0.972,0.07277128325596591,0.95375,0.13771649757196747
417,0.9635,0.09385204974844791,0.95675,0.13653511685165992
418,0.967,0.08337114892099132,0.9475,0.14898839704946149
419,0.96675,0.08359602923237161,0.952,0.13314147866574272
420,0.96725,0.09390847942219101,0.94625,0.14957523885239235
421,0.9655,0.09351600894943272,0.953,0.1329117133178236
422,0.96775,0.08362955050030475,0.9585,0.12329747416921338
423,0.965,0.09089809665241044,0.953,0.1364191016877935
424,0.96625,0.08650390618691997,0.94475,0.1533719842395796
425,0.9695,0.08768010918986872,0.9575,0.12542073286602326
426,0.97025,0.07829603115795726,0.9535,0.1291997422047756
427,0.97125,0.07834123819065283,0.95325,0.1289123463119738
428,0.965,0.08832938088926295,0.95775,0.1276656449117422
429,0.96975,0.08325533626596181,0.9595,0.12465574058234387
430,0.96575,0.08739837609306107,0.95375,0.1343578201691426
431,0.96875,0.0817725534042933,0.95325,0.12542695382386684
432,0.96925,0.08398014279845835,0.95675,0.12840197647533436
433,0.9695,0.08243793802429039,0.9555,0.12566182097394712
434,0.96975,0.07905189656253654,0.95225,0.13798551250234772
435,0.97125,0.07564032843228626,0.955,0.12992189775904656
436,0.96925,0.08535465632374835,0.962,0.11199675983408003
437,0.967,0.08184038182349056,0.95375,0.12706132190611238
438,0.96975,0.08488132463576423,0.95425,0.12825687790608623
439,0.96475,0.08229346127053189,0.9555,0.1324260173999466
440,0.9715,0.0774194453247703,0.9515,0.13107655518145747
441,0.97125,0.08197163986142889,0.95625,0.13099166292166226
442,0.9695,0.07739211722648176,0.95175,0.133646025308519
443,0.96675,0.08738461733927222,0.96125,0.12568896564001072
444,0.97225,0.07744051259090344,0.9605,0.1214701668705154
445,0.97125,0.07681707016343836,0.9565,0.13114631189787718
446,0.96825,0.08946778443103111,0.96275,0.11844792850720719
447,0.96775,0.0819075544153657,0.9585,0.12494954477916774
448,0.973,0.07762459436176875,0.959,0.10955085714501343
449,0.97225,0.07826882910900182,0.95925,0.12626671682766097
450,0.97125,0.08469160455850584,0.9535,0.13185363033305886
451,0.9695,0.07858370092492367,0.95475,0.13506542752824424
452,0.96975,0.08158973160661177,0.957,0.12672055745417576
453,0.969,0.08475436226677616,0.95525,0.12848519297669206
454,0.96725,0.0847262463728915,0.9585,0.12722997612257284
455,0.9685,0.08420713615469252,0.95775,0.11967354939212578
456,0.9715,0.07294307182898502,0.95325,0.12716557608188778
457,0.97025,0.07425050954689909,0.9595,0.12011187799861411
458,0.96875,0.08194548890168452,0.95725,0.12666525432241924
459,0.97375,0.06793063544382144,0.961,0.11003772527120034
460,0.97225,0.06715039135201314,0.95475,0.12679900714865489
461,0.967,0.0820098728514656,0.9615,0.11333594557756542
462,0.97325,0.0791908081910005,0.9605,0.12218436111894028
463,0.9765,0.06542648224535066,0.959,0.11822215832401758
464,0.9715,0.07868592482477259,0.95725,0.13017235168859265
465,0.97325,0.0724361472562797,0.963,0.11538694450915071
466,0.97125,0.0759144628483106,0.96475,0.10517395781303392
467,0.97475,0.0723391683762922,0.96075,0.11666808093696254
468,0.97025,0.07537506973744326,0.9605,0.11060014522304461
469,0.97425,0.06336213512839203,0.95875,0.12368840440201578
470,0.97125,0.07095885790628861,0.95825,0.12410307056270507
471,0.97525,0.0706741080222958,0.9565,0.12594955184679654
472,0.97275,0.07287478834571368,0.96225,0.10965126091508753
473,0.976,0.0699683581991824,0.96425,0.10800397324427627
474,0.97,0.07744159907525583,0.9575,0.12652756568848256
475,0.97525,0.07032139001416894,0.963,0.11109725803412585
476,0.972,0.08079824397779092,0.964,0.10788863430369286
477,0.971,0.07362097079379784,0.96,0.10951939606483493
478,0.9735,0.0715633082099939,0.9615,0.12362735001722146
479,0.97525,0.06966220331231625,0.96225,0.10999128851027264
480,0.9745,0.07507579109351645,0.958,0.12420723397348289
481,0.97425,0.06983844433957931,0.96125,0.11431673403826824
482,0.971,0.073600053291938,0.95775,0.11933945309025241
483,0.97325,0.06983150390842593,0.954,0.13625507054598002
484,0.97175,0.07603529052722062,0.9585,0.11894593511175583
485,0.97175,0.075882780099817,0.965,0.10913785564059708
486,0.97625,0.06421603752387924,0.9605,0.10917827000017744
487,0.97075,0.08113567000112348,0.9555,0.12702951192730105
488,0.96975,0.08191700518265281,0.9605,0.12046114322029203
489,0.97375,0.06855949620748933,0.959,0.11908409862746291
490,0.9755,0.06682637597401686,0.9595,0.11607035951084452
491,0.97375,0.06935323793439767,0.956,0.12085424513759208
492,0.97575,0.06971852744227226,0.9645,0.10886531040854587
493,0.973,0.07244073839092599,0.964,0.10791771251481973
494,0.97725,0.06533423532187956,0.958,0.12010681813516164
495,0.97775,0.06707711807108033,0.968,0.107900707783928
496,0.97875,0.058887816927444686,0.96275,0.10700796189433519
497,0.97275,0.07315904886497765,0.96875,0.09122655593938159
498,0.97325,0.06712847757157958,0.96475,0.10087613964301693
499,0.97275,0.06745019153248324,0.96325,0.10764485364690597
500,0.97575,0.06619342868155043,0.96675,0.10212308869665461
501,0.9775,0.06440297608651872,0.95825,0.11981387472216876
502,0.97575,0.06535800501843704,0.96175,0.11334032033442257
503,0.9775,0.06589393120038786,0.9675,0.10043181995501824
504,0.97575,0.06131229699704549,0.963,0.11407534473596866
505,0.975,0.0685733306530357,0.968,0.0926011249928928
506,0.9805,0.05911396006078809,0.96375,0.10748673725205564
507,0.9765,0.0633257279201001,0.964,0.10452397255928343
508,0.978,0.06314367062793229,0.96775,0.10631316144419027
509,0.9795,0.06261017107362986,0.9625,0.1094594156697399
510,0.97225,0.07286075439845369,0.9645,0.11029882583009917
511,0.9785,0.06192345504297685,0.964,0.09930460230515142
512,0.97875,0.061166986488847996,0.9645,0.09977250741902285
513,0.97675,0.06517061199664448,0.964,0.11360690080221812
514,0.97675,0.06340402319986439,0.96725,0.10101459963804707
515,0.97425,0.0738620112376557,0.96875,0.09464438366875096
516,0.9765,0.06722827051776332,0.964,0.10512476313215423
517,0.976,0.06027411788749673,0.9655,0.10627941399547179
518,0.979,0.05840201558373742,0.964,0.10917510054935309
519,0.9755,0.06778113004233824,0.96375,0.09933070376074538
520,0.97675,0.06459192425296251,0.96475,0.11211433284610521
521,0.979,0.06540247317017549,0.96175,0.10502537132137627
522,0.97875,0.06032056919677145,0.9635,0.11346440683834648
523,0.97975,0.05819287760706358,0.965,0.11001208584532902
524,0.9805,0.05771164772507147,0.96875,0.10101669551909359
525,0.97825,0.056150240940406916,0.9615,0.10192815394337214
526,0.977,0.0642948367944968,0.9645,0.11015791053822124
527,0.97375,0.07806649991363558,0.96775,0.10152519792265449
528,0.9735,0.0708929782455771,0.96575,0.10753726283436242
529,0.97225,0.06877714645091772,0.9645,0.11423569190686801
530,0.9795,0.05779501707995499,0.96575,0.10640950554962404
531,0.9765,0.0632331774972343,0.964,0.11408933683783033
532,0.97725,0.060353931494635304,0.96775,0.10404640559481322
533,0.98225,0.06094547420512495,0.965,0.09918568144146311
534,0.97925,0.06167416385238276,0.967,0.1090126024994729
535,0.978,0.06401887566322546,0.96725,0.10735741434084875
536,0.97925,0.058012705323950794,0.96175,0.0975577392049816
537,0.9795,0.057467030302436974,0.963,0.10776290987731973
538,0.97875,0.05800625045143904,0.9665,0.10127355766211503
539,0.976,0.06204220386827791,0.96675,0.10000805529502585
540,0.975,0.06884727340828951,0.964,0.10096078566934062
541,0.9785,0.05748886985582423,0.968,0.09547945920591883
542,0.978,0.06338490945772839,0.9665,0.10009096754321453
543,0.97925,0.05846449339407359,0.9685,0.09316731704208789
544,0.97625,0.05978949597241634,0.96675,0.09618513182853992
545,0.976,0.06367130441836104,0.9675,0.09517340903224498
546,0.98075,0.04941049391169375,0.96725,0.09732303946375413
547,0.97725,0.05682967822537008,0.971,0.08790671803182536
548,0.97825,0.057756998699587406,0.96825,0.0979894763330515
549,0.979,0.05706551444123717,0.96725,0.097599121366389
550,0.98275,0.05153061155263953,0.96675,0.09789730032367681
551,0.9805,0.06258590401542913,0.97075,0.0884154542014271
552,0.97875,0.06058197397515347,0.972,0.08796126204982783
553,0.9785,0.057543058739841925,0.96375,0.10457645622636312
554,0.982,0.052913579366876226,0.96825,0.10490955202808219
555,0.9825,0.04984612713345559,0.9655,0.10076681812155752
556,0.97725,0.06306796150765229,0.96875,0.09015364564613139
557,0.983,0.05096530116315246,0.964,0.10192508340483736
558,0.9785,0.0545593849026076,0.97025,0.08813169022181436
559,0.97925,0.05831456709574449,0.96475,0.10541293451757039
560,0.98175,0.05246392104536093,0.9685,0.09084467713707756
561,0.97925,0.05871667396034941,0.96725,0.10729144437133431
562,0.98375,0.04815204315966968,0.96575,0.11154181342520408
563,0.981,0.056999511352733,0.966,0.103766010459954
564,0.97425,0.06402926910044675,0.97075,0.08476616387845595
565,0.981,0.05027235025273445,0.97225,0.092913274686347
566,0.97875,0.05932611670091848,0.9715,0.08955434231638569
567,0.98075,0.056585351829014356,0.97,0.08708790965181294
568,0.982,0.04924442278243432,0.973,0.0882082073273759
569,0.978,0.05830158468733561,0.969,0.09326900980134412
570,0.98275,0.05129543016697791,0.96175,0.11315084524415324
571,0.98075,0.05428067010373521,0.967,0.09128435033691944
572,0.9845,0.046024614012363754,0.96275,0.11667235134756777
573,0.9815,0.05093077097892423,0.964,0.11057706959066269
574,0.9785,0.05996819764780959,0.96675,0.09402548159780443
575,0.977,0.061445662815314855,0.97,0.09181769650110021
576,0.97925,0.05622911926357616,0.97125,0.08680998692551481
577,0.98175,0.05599151257877661,0.971,0.09310000355246464
578,0.97925,0.06071557228735756,0.9705,0.09766254111975062
579,0.97875,0.053041435728111964,0.968,0.09552308514778574
580,0.9825,0.05312646990575602,0.9695,0.09173851426175471
581,0.981,0.0530990254267596,0.9685,0.09226519226772308
582,0.977,0.061386170930007734,0.9685,0.09568266671740758
583,0.98325,0.050246586170140405,0.97225,0.087942923241127
584,0.98125,0.04998441400344397,0.97075,0.08814284856548237
585,0.9815,0.05128039042542662,0.9695,0.094811406651174
586,0.98025,0.053675868592336515,0.97025,0.09917471225304934
587,0.9835,0.04847226442087307,0.968,0.09647769028774211
588,0.98475,0.0512056304284047,0.96725,0.09485105993300186
589,0.98375,0.04656605688999834,0.97175,0.08464784265796625
590,0.98125,0.05644869270699167,0.97175,0.09232661546818773
591,0.9845,0.05149401268522458,0.97075,0.10282866200762276
592,0.9795,0.051264967799298705,0.9665,0.09969258303397405
593,0.98,0.05704531953053498,0.968,0.09549702318915264
594,0.98575,0.04487348369646133,0.9725,0.08271833043369646
595,0.98125,0.049231862143805795,0.972,0.08465835100296647
596,0.98375,0.046686090725963976,0.97175,0.08116226559733862
597,0.98075,0.05826021181591084,0.97275,0.0893826349388328
598,0.98225,0.050134604917053224,0.96925,0.09831038104638619
599,0.98675,0.04034883239601481,0.97375,0.0840454059328288
600,0.97975,0.055744293521415474,0.9715,0.08857479768941863
601,0.97875,0.054305851894668425,0.9775,0.0830329010283437
602,0.97975,0.05048467353581291,0.96675,0.10341646133937119
603,0.98375,0.050721275528155516,0.97225,0.09025839745932168
604,0.9815,0.05353527088727436,0.97075,0.09105325585998139
605,0.982,0.049604219820916756,0.96975,0.09519764800051354
606,0.97775,0.06041634320816442,0.969,0.10317845683611118
607,0.987,0.04277457642737161,0.96875,0.09173818293155794
608,0.9815,0.04825044826742678,0.9705,0.08950513013629252
609,0.985,0.04767974208541909,0.9685,0.09331366930136677
610,0.98225,0.053529261039409436,0.97275,0.08945561387089021
611,0.98325,0.04683917597786335,0.97275,0.08768820066320418
612,0.982,0.050364679467009996,0.9695,0.0914115452050325
613,0.98375,0.053414683811322604,0.97225,0.08786398372262141
614,0.98075,0.0495701918478468,0.9705,0.09447441720257445
615,0.985,0.046161762682658244,0.97525,0.07825903020414193
616,0.98525,0.04512694709795606,0.97075,0.09194794169720007
617,0.984,0.04762644473627983,0.97375,0.08474156594346553
618,0.9795,0.05685987694576788,0.97525,0.08232486989734121
619,0.98625,0.04166326779906534,0.97375,0.09277288806882013
620,0.9855,0.043822240103661175,0.9705,0.10159384256259978
621,0.984,0.04603993959518336,0.972,0.08795016231750552
622,0.97975,0.05482480905225951,0.97125,0.09878918678155384
623,0.98375,0.04829065490392449,0.9705,0.0902538922431765
624,0.98275,0.047886478199197655,0.974,0.08077253239786936
625,0.9845,0.04787965254585432,0.975,0.09031014366225415
626,0.98675,0.03875609620642074,0.9745,0.0904771246026157
627,0.9855,0.044105313466530086,0.97175,0.09198476971267569
628,0.9825,0.049239199323248314,0.9735,0.08756137027861702
629,0.98425,0.045338746652073846,0.972,0.08069948501402462
630,0.98025,0.05193219138945007,0.9795,0.07670336689185035
631,0.98125,0.047626805326399346,0.96925,0.09311396015289232
632,0.98325,0.04886370305928994,0.9715,0.09101440869331509
633,0.98675,0.040616732785760744,0.97225,0.089429897397509
634,0.98525,0.04593101567896443,0.97625,0.07924711162564421
635,0.98475,0.045740516329980566,0.97475,0.08000542570829305
636,0.989,0.034392322376410996,0.9745,0.08127063999221427
637,0.98625,0.040526054428551846,0.9735,0.08575181160648561
638,0.98375,0.04343671020400353,0.971,0.08512593421189943
639,0.98275,0.04664527271296473,0.9785,0.07231106303063706
640,0.98475,0.04163919434846353,0.97525,0.0789702015591072
641,0.985,0.03776940294703077,0.9705,0.09889827399221593
642,0.98525,0.042102217041580244,0.97125,0.08740225520765205
643,0.983,0.046036721328818815,0.97075,0.09304009014037018
644,0.98175,0.04926299198316643,0.974,0.07984433365894171
645,0.98625,0.04173851551484294,0.97675,0.08131083241428758
646,0.9835,0.044680189664196054,0.97375,0.07851724787068014
647,0.982,0.04941526558319461,0.97325,0.08769335757557327
648,0.98525,0.04408114742646096,0.97475,0.08359229652786837
649,0.98925,0.03546414175439382,0.9735,0.08780363019099884
650,0.98325,0.04503685992682967,0.97925,0.07645902202214656
651,0.98125,0.04921521670473809,0.9775,0.07318776537105323
652,0.98525,0.04161684305678684,0.9765,0.07378376873735772
653,0.99,0.03110915586913927,0.97575,0.07985168537430704
654,0.98475,0.04768513912051053,0.9785,0.07682392455403851
655,0.985,0.04260953378226182,0.97625,0.07967116932713653
656,0.9845,0.045360146896293696,0.9755,0.08454403682919952
657,0.98775,0.0376746046632888,0.97575,0.08663549660825409
658,0.988,0.04409685818379247,0.97425,0.07902618146874742
659,0.98775,0.035769209460238885,0.9725,0.07956061147050897
660,0.98625,0.037467110479081946,0.9745,0.08140231089719237
661,0.9835,0.04717882645033063,0.9805,0.07639864787585324
662,0.98325,0.045407477329670064,0.97525,0.08123698930739698
663,0.9855,0.03860565619386831,0.974,0.07833412482279895
664,0.985,0.03848748251543508,0.973,0.08235793832871176
665,0.9885,0.03260966894053931,0.97175,0.09354915983720193
666,0.98425,0.04260900843393645,0.973,0.08287497419634234
667,0.98075,0.04990426454070013,0.97825,0.08306493398017753
668,0.98325,0.04705309839416942,0.972,0.08752061521194665
669,0.98675,0.040225401055945145,0.97325,0.08541852723137094
670,0.98375,0.04566572121002222,0.97475,0.0766495349663044
671,0.9865,0.035062260894867345,0.97425,0.08057742328461576
672,0.983,0.04582014419109632,0.97475,0.07435771927542509
673,0.9875,0.03960110006956273,0.975,0.07815211227901038
674,0.98425,0.042156393255147244,0.97525,0.08168599980569524
675,0.98525,0.04202639857093098,0.97725,0.08590208720575854
676,0.988,0.0363556340744712,0.9745,0.08553257143962013
677,0.9845,0.03709191769539712,0.9745,0.07905332633504009
678,0.98525,0.04687119395481794,0.97525,0.08231029106789628
679,0.9845,0.041344093917309685,0.97875,0.0715713509555166
680,0.987,0.04129306030074326,0.978,0.07123949008793394
681,0.98575,0.043271551182788186,0.97525,0.07721745607953895
682,0.9855,0.04015659621629646,0.9765,0.07471512274346301
683,0.98625,0.03901368355577907,0.97075,0.08291686430690468
684,0.985,0.03966241458648614,0.974,0.07815462595865269
685,0.98475,0.03911024206751963,0.9715,0.08842940857733515
686,0.98725,0.036243054995510796,0.9745,0.08502415054859987
687,0.98375,0.03729701604734023,0.97525,0.07986393445627375
688,0.98775,0.03621616560249431,0.9755,0.08400345665522702
689,0.987,0.03875873729956554,0.97525,0.07855761811012567
690,0.989,0.03059423924380961,0.97725,0.07333891824680099
691,0.98875,0.034514606462364025,0.97825,0.0714464592063691
692,0.98975,0.032778828830517824,0.977,0.0677742656537383
693,0.9845,0.04390716843175409,0.9775,0.06971368479016025
694,0.98525,0.040694512090588046,0.97725,0.07302860373977321
695,0.987,0.03467334569991304,0.97875,0.07483291215885433
696,0.9865,0.03528777285584813,0.97825,0.0674900025046781
697,0.989,0.03485698352887313,0.975,0.08320846469751791
698,0.988,0.03429426091757478,0.97825,0.07691524891936287
699,0.98925,0.032417787766928725,0.97525,0.08560415662909156
700,0.98475,0.043000702859588597,0.9765,0.07588365203236577
701,0.984,0.044165223016007775,0.97625,0.07879524661572253
702,0.9895,0.03311593581594726,0.97525,0.08099733055352587
703,0.98925,0.030392383704462532,0.97625,0.07174447960809698
704,0.98825,0.035521864551411056,0.9735,0.08873469845303822
705,0.9875,0.03823254074551554,0.97775,0.07450834406949024
706,0.98575,0.04616865546550292,0.97725,0.0854050963412735
707,0.98475,0.04655672959626354,0.98025,0.06879178559204266
708,0.98625,0.04218511094678746,0.974,0.08536767835088754
709,0.98325,0.04530620419346405,0.975,0.08670939151632562
710,0.983,0.04596900131008567,0.97825,0.07023814632554744
711,0.98625,0.03908933753744024,0.97725,0.07004340744929917
712,0.989,0.0316241311777937,0.9765,0.07315417119027837
713,0.986,0.03816255851824806,0.9785,0.07679188713802095
714,0.98725,0.032124663442855216,0.97775,0.07577547420381803
715,0.986,0.03960872741000951,0.977,0.08292393033226077
716,0.988,0.03644773826173807,0.9755,0.08592083290125827
717,0.98525,0.03635433164221139,0.975,0.0827631465383218
718,0.9895,0.033137495357384965,0.979,0.07348692244040259
719,0.9845,0.04050772690020362,0.9765,0.08003157665211824
720,0.98825,0.036022379097508744,0.97575,0.08001571400472457
721,0.9845,0.04116767059246291,0.978,0.07401592094830792
722,0.98725,0.03502650610910919,0.97725,0.07901856668357578
723,0.989,0.03253069729138846,0.97525,0.07578257366066657
724,0.9845,0.04414859415771107,0.973,0.08885366381472011
725,0.9845,0.0424362176545649,0.976,0.08878174489308004
726,0.98475,0.04064865863348476,0.976,0.07583793544460303
727,0.98675,0.03593630878808743,0.9775,0.07892477441742513
728,0.986,0.038075675943214204,0.978,0.0716972543949399
729,0.9855,0.03890485786249465,0.978,0.06683130694969491
730,0.98825,0.035189754977110924,0.97975,0.07765992412723088
731,0.98425,0.04360849608866821,0.9815,0.06893904625645274
732,0.98725,0.03355676042994447,0.97325,0.0754061479841862
733,0.98675,0.03613697519086163,0.97675,0.0765381274785368
734,0.98775,0.03742183370592882,0.97875,0.07458094146047878
735,0.98975,0.032051517571162966,0.978,0.07210025960327097
736,0.98525,0.04085413834960656,0.9795,0.0698119858053261
737,0.98625,0.0347887182530358,0.97625,0.07654926515248997
738,0.98975,0.03172360706850816,0.97775,0.07646146361583044
739,0.988,0.03348819290247327,0.97875,0.07246355967029029
740,0.986,0.03921720123197746,0.97675,0.07473884650343322
741,0.98725,0.03816668156075353,0.976,0.08002118142382128
742,0.98875,0.03438605759954337,0.9755,0.08136672600633643
743,0.98575,0.04111035951427779,0.9805,0.07032687812939042
744,0.98875,0.03166203452365103,0.98025,0.06677947774377861
745,0.98975,0.03209218939719043,0.978,0.07397576144748984
746,0.988,0.03139607394137669,0.98,0.06205481978760165
747,0.98925,0.03309476274141176,0.97625,0.07600751981424855
748,0.98775,0.037420094916405675,0.974,0.07891915282833335
749,0.98625,0.040098000548270306,0.98025,0.07900477657515506
750,0.98725,0.03791671771062526,0.97775,0.06522959138078636
751,0.9895,0.03030093190584555,0.98225,0.06334247237882014
752,0.98825,0.03546286004609314,0.9775,0.07968923444917303
753,0.988,0.03613671799684656,0.982,0.06372998472346465
754,0.99125,0.032599262000342966,0.9745,0.09063674265945551
755,0.98575,0.04064611194828385,0.97875,0.07641884924821608
756,0.98575,0.04475585611798378,0.9805,0.06883806712823087
757,0.9875,0.03688028545927568,0.97775,0.0753562793068562
758,0.98775,0.03831906972227496,0.976,0.07981113919207465
759,0.986,0.037988299550363466,0.97775,0.07050586798702652
760,0.98725,0.038015341627155766,0.97825,0.07033652806993805
761,0.989,0.03024459552620766,0.9785,0.07326881107561352
762,0.98625,0.0409097947828599,0.97575,0.07315256753044166
763,0.98775,0.033697266851306175,0.97875,0.07173913212698214
764,0.9885,0.032571563742181626,0.98125,0.07160750187186875
765,0.98725,0.03944814845186527,0.976,0.07738320754557916
766,0.98775,0.040908669650435284,0.978,0.07450432869084617
767,0.99,0.030958523756400645,0.9785,0.0654561843537402
768,0.98725,0.03866183665024227,0.97775,0.0705656899992188
769,0.98875,0.02996949951593549,0.9795,0.06803480744502577
770,0.987,0.036419413774480776,0.978,0.07301388968990671
771,0.991,0.024463296251116623,0.979,0.07582851986552096
772,0.99075,0.029652683070830705,0.98,0.06503473944043472
773,0.9885,0.0299777343026404,0.9775,0.06385607354649601
774,0.9885,0.03347196075170379,0.981,0.070789040749061
775,0.99025,0.028271652878848256,0.9735,0.08169147121450056
776,0.9905,0.024015569992844956,0.9775,0.06972395295262342
777,0.98825,0.03001460764896632,0.97875,0.06977439643421463
778,0.98725,0.03521222714362364,0.977,0.07530742945881808
779,0.987,0.035844401009330465,0.97825,0.07420126122539783
780,0.98875,0.03393106935478186,0.97975,0.06862267613832868
781,0.98875,0.02781689585582577,0.97725,0.07530203237636024
782,0.988,0.034020659883783846,0.97875,0.07456689037623025
783,0.99075,0.02681454065578349,0.9805,0.06462322950938869
784,0.98775,0.03487452910704771,0.978,0.08052061554061364
785,0.99,0.0304117630115777,0.982,0.05919156104264134
786,0.9885,0.030779471250662403,0.97875,0.07630122282129319
787,0.9905,0.02752346057145815,0.98225,0.062294960194160726
788,0.98775,0.0339923399315827,0.981,0.0757481479071454
789,0.9865,0.04091764658447868,0.97825,0.07364998052568568
790,0.98825,0.0330836088913473,0.9795,0.07607813342980727
791,0.99225,0.02622625418682435,0.98,0.07004689155874735
792,0.989,0.027021741851158278,0.97525,0.08340132865841618
793,0.9875,0.038508203978560106,0.981,0.06631281672270703
794,0.98725,0.03451601886242225,0.98025,0.06822693478895125
795,0.99075,0.0273062065649503,0.97875,0.06872698900762834
796,0.992,0.024832896554414275,0.983,0.060247949080601035
797,0.98775,0.03300621654113041,0.98075,0.07403678151196735
798,0.9905,0.026568252570382082,0.97825,0.06610729317599508
799,0.99025,0.027845946088657224,0.9785,0.06953970545874771
800,0.98925,0.0296104561359666,0.979,0.07850780757281395
801,0.99025,0.025688636254229905,0.98,0.07312903002119828
802,0.99025,0.03289324051487416,0.98025,0.061124961133394794
803,0.98775,0.03463448193430714,0.98,0.06988122820752692
804,0.99025,0.027930663646884034,0.9795,0.07379220267003381
805,0.9895,0.027364029893166934,0.98175,0.06203927708660532
806,0.98925,0.03182355954242594,0.98075,0.07126687534316763
807,0.992,0.023645270799399952,0.97525,0.07878094178711952
808,0.989,0.035279478182036444,0.978,0.07215297846522525
809,0.98775,0.031468574828471665,0.97725,0.0724193570686254
810,0.988,0.03186306510735319,0.9795,0.07551507040430476
811,0.98875,0.03577780459933266,0.9795,0.06297468145508787
812,0.9895,0.02650947059847606,0.97925,0.07536550447085032
813,0.9885,0.030239093863717485,0.98025,0.06169134200601717
814,0.988,0.029430236404187283,0.982,0.05832875159116738
815,0.99275,0.023134513995894664,0.98175,0.0630945458674817
816,0.98975,0.02971119552998433,0.97725,0.07803847972554814
817,0.98625,0.0352803071000594,0.9825,0.055455362510501094
818,0.9905,0.03186200775982369,0.98275,0.0644679413321025
819,0.9875,0.0317020438585663,0.97925,0.08256364850483462
820,0.99075,0.028115943276852448,0.97825,0.07634250198387832
821,0.99075,0.028376973195439133,0.9805,0.06574909268920341
822,0.9895,0.028710153135644984,0.98,0.06474470185441414
823,0.99025,0.023790360437964096,0.98525,0.05372885323703241
824,0.989,0.03011322870393793,0.97475,0.08744436600261542
825,0.9915,0.026309295296194052,0.977,0.07555027285393191
826,0.9875,0.035845518020492094,0.979,0.0696558247201469
827,0.992,0.027244831436291327,0.9795,0.06795192915796665
828,0.9875,0.03180891884364181,0.98525,0.058734648310538796
829,0.9925,0.026217570088643585,0.981,0.06430025590772172
830,0.9905,0.0267751999310453,0.978,0.07689092650476996
831,0.991,0.024688040357234924,0.98,0.06632163032172446
832,0.98975,0.032617716885779115,0.98175,0.070615631847857
833,0.99,0.0271149079018696,0.9785,0.07896210046560316
834,0.98875,0.036053446570553115,0.979,0.08020535982037835
835,0.988,0.032866550135477554,0.9805,0.06765774034797123
836,0.98975,0.026941383306443776,0.98125,0.06829283044639073
837,0.989,0.030415781132189557,0.98075,0.06286141989425718
838,0.99025,0.03208308067222209,0.97875,0.07025632837242478
839,0.99075,0.02997312024350658,0.979,0.07482499375700973
840,0.9895,0.027097199591608088,0.979,0.06261093394370897
841,0.988,0.02760815025142457,0.98175,0.06452819158276622
842,0.9905,0.030665876638833557,0.98125,0.06872672149552016
843,0.9915,0.02871647784757988,0.9835,0.06506243682339231
844,0.99175,0.02505509410729087,0.97775,0.07085534570770094
845,0.9915,0.02497124408746324,0.97975,0.06938233973150318
846,0.99075,0.027905275540538284,0.98125,0.06207695568545689
847,0.9905,0.02763952553200723,0.97875,0.0682318430680522
848,0.98975,0.025671788199319437,0.9815,0.0644620831555261
849,0.991,0.030487995922301038,0.98075,0.07083208444272347
850,0.988,0.03417678937312992,0.9795,0.06861833225695384
851,0.99025,0.02577962061832661,0.9785,0.0688871724021316
852,0.9895,0.02944329350057734,0.9795,0.07173923364673274
853,0.98825,0.031222276045142563,0.9805,0.07766516723201795
854,0.99075,0.02981773894477008,0.979,0.07290963296799681
855,0.99,0.029062804567186937,0.97875,0.07014910959300744
856,0.98775,0.03462894275354489,0.9835,0.060865980288114935
857,0.9925,0.023145506310002423,0.9745,0.0784882981898765
858,0.98975,0.02708945049184219,0.98125,0.06530515259806596
859,0.98825,0.028949893374698214,0.97875,0.06824440119582398
860,0.9915,0.023317948016642786,0.98225,0.06444165513439563
861,0.991,0.026659596357792997,0.97875,0.07101047891756929
862,0.99125,0.023986660743248883,0.9795,0.073249676028626
863,0.9885,0.0332922029354734,0.9835,0.06772530536456417
864,0.99,0.027555348478148417,0.978,0.06942124661520219
865,0.9915,0.028664299744065636,0.9805,0.06305188268209455
866,0.993,0.020611357721779057,0.982,0.07124855452130391
867,0.9885,0.0280432152355968,0.98275,0.06438494451285352
868,0.9915,0.026441379034000633,0.97925,0.07734541952849228
869,0.99075,0.02957939586076985,0.982,0.06334735218886663
870,0.99075,0.028073989684706327,0.97875,0.07179898739000044
871,0.98975,0.03034659304957034,0.98,0.07344448662357392
872,0.98775,0.036424030245662854,0.9805,0.05843969159501034
873,0.991,0.025345683704735947,0.982,0.06394143891432576
874,0.99075,0.030005047791566094,0.97925,0.0741516771973674
875,0.991,0.02896909558428581,0.98,0.0654978244310237
876,0.99075,0.025668707736496495,0.9835,0.056402782563880226
877,0.99125,0.026336619687863397,0.98075,0.06326303640925914
878,0.99125,0.02370897551921913,0.9765,0.07637043304214144
879,0.99125,0.02483319914515628,0.98075,0.06326624171109975
880,0.98975,0.030972913435310685,0.98075,0.07169499042067566
881,0.99025,0.02964896534159053,0.97925,0.08251945709153466
882,0.99,0.02922182808963482,0.9815,0.06797340264681731
883,0.99225,0.0228776869409053,0.9805,0.07345719902848521
884,0.989,0.03317615571706829,0.98125,0.06255583572577818
885,0.9895,0.02612418656358272,0.98325,0.06479580838523827
886,0.991,0.02753065067051697,0.9825,0.059792881902196525
887,0.9915,0.0230112763069028,0.985,0.06375016760133796
888,0.9915,0.025888804165297073,0.97775,0.0735904574233308
889,0.99025,0.027647733986495785,0.9795,0.06871767575189712
890,0.99,0.026420171662419886,0.984,0.06145264644208667
891,0.99075,0.02525777947659668,0.979,0.07588254928525152
892,0.99075,0.02608191647028688,0.979,0.07167786753417661
893,0.992,0.025007387443518873,0.9815,0.057412589194032804
894,0.99125,0.029471288123983086,0.97775,0.06986361303821853
895,0.991,0.02626318112471706,0.9785,0.0759276421642826
896,0.98975,0.030930127841117237,0.982,0.0625082330083329
897,0.99175,0.026486651722559228,0.98175,0.062383711041789074
898,0.99075,0.027378458024360963,0.97975,0.06971729289070326
899,0.992,0.023060329343154513,0.97875,0.07189600388452766
900,0.99125,0.02581720153619344,0.979,0.07140942914201333
901,0.9885,0.03058148972495076,0.98125,0.06435000999742922
902,0.9885,0.028836340445274906,0.9795,0.07758309516454799
903,0.9895,0.0281557066365612,0.9805,0.06788181124787275
904,0.98675,0.03407672723541742,0.9835,0.06544873235671973
905,0.988,0.035609636431671386,0.9805,0.0648298493236148
906,0.9915,0.029590286065272836,0.97875,0.0751786848221305
907,0.9905,0.02639949330305477,0.97,0.09620615060277013
908,0.98925,0.03340976008475822,0.98125,0.06248141459236204
909,0.989,0.030849652292922584,0.98025,0.0597040807905221
910,0.98925,0.03368540183094674,0.97875,0.07411260458084393
911,0.98975,0.028124634645383412,0.9825,0.06919332768901658
912,0.98875,0.030631966794435504,0.982,0.0740959810783578
913,0.991,0.028226962836347687,0.97925,0.0682258985457299
914,0.992,0.029802599703574035,0.98075,0.05995348153710052
915,0.991,0.026090515082388552,0.98125,0.06697711259299825
916,0.991,0.025870831438812303,0.98425,0.0675308029967097
917,0.9915,0.023107237296430112,0.98125,0.06428533841792178
918,0.99,0.02670869266963319,0.9795,0.06952663189372424
919,0.99025,0.028885560151713775,0.98125,0.07170553534957304
920,0.99,0.02487178317887227,0.981,0.06534452892187405
921,0.99125,0.02494112343516909,0.9795,0.06695348825030403
922,0.99025,0.027689748162684717,0.98375,0.06289063395986219
923,0.99075,0.02768173728218464,0.98425,0.056498544571472936
924,0.992,0.02665909334860683,0.97725,0.07948842657982819
925,0.9915,0.02431262768441014,0.98275,0.06727772794448507
926,0.9905,0.026805510442947857,0.982,0.06466748912905852
927,0.98925,0.032678504303253614,0.982,0.06142096099042728
928,0.993,0.020271199083132494,0.97975,0.06787861465596576
929,0.99225,0.023678939086618958,0.9825,0.0673812677854404
930,0.9915,0.024049607149961946,0.98075,0.07386354539738989
931,0.99075,0.024522144966327278,0.979,0.06501568159492911
932,0.99075,0.028356454133842184,0.98375,0.06715717514405314
933,0.99325,0.022631278348006954,0.98325,0.06635052592511026
934,0.98975,0.026902784334201436,0.98325,0.05986094557509661
935,0.9915,0.023401703589099113,0.981,0.06499008048035118
936,0.99075,0.027828685734600976,0.97875,0.07060042130532063
937,0.9915,0.028197603422333586,0.98325,0.06188330211120376
938,0.993,0.02114102872660536,0.984,0.05692344195130245
939,0.99075,0.025647044664372974,0.983,0.05529193906415414
940,0.99225,0.02340616449471358,0.983,0.05630531189757515
941,0.99125,0.027115638181459793,0.983,0.05821016786445577
942,0.99075,0.022135869887739884,0.983,0.061453256259975726
943,0.99275,0.021041012695287603,0.9815,0.06056154549932947
944,0.98875,0.03032728852428426,0.9845,0.05824331569419307
945,0.991,0.025340324423762998,0.9815,0.06791779413566883
946,0.99225,0.019903182121728053,0.9815,0.06786332046563527
947,0.992,0.023141139060448526,0.98225,0.05659632626408811
948,0.991,0.026313518643514833,0.984,0.052919240326372144
949,0.9935,0.019985694608128646,0.98275,0.06791129073914652
950,0.99125,0.028786897334711084,0.98425,0.05943964005624487
951,0.99175,0.01956219575740074,0.98575,0.05016980935156052
952,0.993,0.019000741795516616,0.984,0.05495211475393765
953,0.992,0.023601852956951844,0.98325,0.05781659889886644
954,0.99075,0.023963733344185372,0.9835,0.061198927941823786
955,0.9915,0.024133844619507266,0.98325,0.06319687416341374
956,0.9935,0.024180909284537606,0.9825,0.05918650784375607
957,0.992,0.02192548988995245,0.98375,0.05849911715708283
958,0.9905,0.02726943232970688,0.98225,0.05679524952694244
959,0.99375,0.018671100941213638,0.98025,0.06840167468008812
960,0.9895,0.031820680610483085,0.981,0.07265799231595106
961,0.99175,0.024008919243515715,0.9815,0.06261801089600051
962,0.992,0.022224011294214994,0.98275,0.05984604265348848
963,0.99125,0.0263875770266247,0.98225,0.07172725032923982
964,0.99175,0.024964106987790495,0.98175,0.05538011060103858
965,0.99175,0.0229849762291335,0.9815,0.05744811970513967
966,0.99175,0.02528266959092615,0.981,0.06930582021168147
967,0.99025,0.02914839451539853,0.9855,0.06827918292224378
968,0.99225,0.02328312572954474,0.98125,0.06594274539587859
969,0.992,0.02648400090023433,0.9795,0.07553434174288366
970,0.99325,0.020472795734096386,0.98625,0.05182802746202061
971,0.99025,0.023098808316407038,0.985,0.059061413158637076
972,0.9915,0.024984557172285683,0.984,0.06154159687470414
973,0.991,0.02543849039384079,0.98475,0.05274886726575045
974,0.99225,0.022728864106848923,0.979,0.07497638505925719
975,0.992,0.02307560902141853,0.97875,0.07773045664192992
976,0.99125,0.023947227814194595,0.9805,0.07259552355826368
977,0.9905,0.025673254814639418,0.9855,0.05973016201582703
978,0.99175,0.024537279047074898,0.984,0.058393959013907606
979,0.99325,0.019652093826302452,0.98275,0.05882446313448857
980,0.99225,0.026767912719903607,0.98525,0.04739746258285982
981,0.99175,0.025368236209134257,0.97875,0.06398009646831089
982,0.99125,0.025904751261497813,0.97975,0.06322335996588797
983,0.99175,0.02182750576061386,0.98175,0.07118473402413701
984,0.99425,0.01945077506053155,0.98175,0.06642952141005899
985,0.994,0.018041769034215997,0.98,0.0648176008485931
986,0.99475,0.016676061223882526,0.984,0.06138657112508703
987,0.9935,0.018269894699152283,0.98325,0.05794761430989847
988,0.992,0.023322839030673555,0.9825,0.05956031369919107
989,0.99325,0.024666826729537975,0.9835,0.059152558797436784
990,0.99225,0.02080067132596691,0.985,0.05678854514102085
991,0.9935,0.020475706014990092,0.9805,0.07008349406527078
992,0.99275,0.02382112408851364,0.987,0.0557159599041591
993,0.99,0.02191777411244512,0.98175,0.0643131667815632
994,0.99475,0.014895996721556299,0.9785,0.06430691872137653
995,0.99175,0.02173525723120272,0.98375,0.06062493854287234
996,0.9935,0.01934137105855877,0.986,0.054947490126918117
997,0.99075,0.022883402525309213,0.9825,0.06464533168248622
998,0.9925,0.026727646554252166,0.9845,0.05346384909500875
999,0.99375,0.02100629950758256,0.98175,0.07434192084818426
1000,0.99275,0.022517721685815697,0.98325,0.054273062594884305
1001,0.993,0.023695908687914963,0.98325,0.0660974320219337
1002,0.9905,0.025165312280032794,0.9845,0.06470006673833435
1003,0.98975,0.02854139760822688,0.983,0.055772783912596845
1004,0.99225,0.024258447379446806,0.97825,0.07212807469263544
1005,0.98925,0.03052876858368144,0.98425,0.06423690897409182
1006,0.99075,0.025770726531286637,0.98,0.07022471913173456
1007,0.99025,0.027520807410550085,0.98125,0.0714330863652294
1008,0.992,0.023838515244113574,0.98125,0.06437883179345937
1009,0.99375,0.01950237014706307,0.983,0.06273656254942997
1010,0.99025,0.029820709709274945,0.9835,0.05823378003443255
1011,0.991,0.024373677372837632,0.98175,0.05850176287411719
1012,0.9925,0.020970346541303624,0.9855,0.057091991474659765
1013,0.9895,0.028878599961681302,0.98025,0.0654603826813638
1014,0.992,0.02278753424354728,0.9835,0.058531993046220476
1015,0.993,0.020336383939077142,0.98225,0.05751441257342956
1016,0.99475,0.01808191798246704,0.981,0.07073024602589047
1017,0.99175,0.024303131026133094,0.98375,0.05603744632920066
1018,0.99175,0.024362301053981805,0.984,0.05518591669409176
1019,0.99275,0.02213219585343861,0.98175,0.060782676763212834
1020,0.989,0.030838501606534823,0.98425,0.054551371435202736
1021,0.99175,0.02852248408922089,0.98075,0.06775934077434786
1022,0.99375,0.018678044024339778,0.984,0.0557434394235218
1023,0.99275,0.020035397266431672,0.98325,0.07140243959784805
1024,0.99275,0.02392510952723408,0.9835,0.06142338737632479
1025,0.99225,0.022245452350770065,0.98175,0.06594219652786036
1026,0.994,0.02029208896649921,0.98225,0.07029185216099358
1027,0.99275,0.022247739945867394,0.98075,0.06137784205777389
1028,0.9925,0.022859496556360697,0.98325,0.0653727107331158
1029,0.99175,0.02758063219519054,0.98325,0.06279003891790864
1030,0.9935,0.018641095550409617,0.98375,0.05909601662399695
1031,0.9925,0.023397091095145203,0.9815,0.06340405736852878
1032,0.99325,0.021742082422985257,0.98375,0.056879506900434945
1033,0.99175,0.020610403430729795,0.98575,0.05098042255149667
1034,0.9935,0.018128861465711868,0.9835,0.07187963636759284
1035,0.99,0.027134013193194875,0.985,0.06420628029952791
1036,0.993,0.021274598199546163,0.9825,0.05797859554091704
1037,0.9905,0.025962957643787397,0.9825,0.0659095932450129
1038,0.99225,0.020484794835045818,0.984,0.05979996209570568
1039,0.99125,0.026141823976012803,0.9815,0.0664971768763453
1040,0.9915,0.021829219218839905,0.9815,0.058622262380194926
1041,0.991,0.02119727794400368,0.983,0.06770338063970992
1042,0.99225,0.02421282782137793,0.98225,0.06840520131598499
1043,0.99275,0.020571522728816596,0.98325,0.05521753094222407
1044,0.99175,0.02405529637405903,0.982,0.06441486227069404
1045,0.99275,0.022025956821129213,0.98325,0.06542791562697585
1046,0.992,0.026910244153462572,0.98425,0.05912583350459324
1047,0.99275,0.020436004379986893,0.98225,0.06292530022124711
1048,0.99325,0.021261751141884534,0.9845,0.06708276353538876
1049,0.995,0.020041652369592995,0.98525,0.06310702587078108
1050,0.99175,0.019694524849765648,0.985,0.058413521030302104
1051,0.9945,0.017554036938820586,0.98025,0.07966096812343913
1052,0.994,0.020844778992930038,0.9855,0.057354344019645134
1053,0.99475,0.016123508555198843,0.98375,0.05846248205618614
1054,0.9935,0.022917986551482795,0.986,0.050360787552692285
1055,0.9925,0.020181258297413962,0.98425,0.05264646652243638
1056,0.992,0.025305388451039034,0.985,0.04803561182834299
1057,0.995,0.016124052260283697,0.9835,0.06105517811661244
1058,0.9945,0.015170008607719335,0.9805,0.08084108358975053
1059,0.993,0.020322595423638064,0.98375,0.060334335824110276
1060,0.99275,0.019944482836589134,0.985,0.05993982367845713
1061,0.995,0.015352568498712691,0.98475,0.05460011562533201
1062,0.9935,0.017418123438354832,0.983,0.06258603289977324
1063,0.99225,0.02115988408660337,0.9835,0.05577099599406693
1064,0.9925,0.02058423216065561,0.984,0.0531629982585062
1065,0.99275,0.01940434178985823,0.9845,0.06823644852810216
1066,0.99225,0.020790926676229404,0.982,0.06235131777542986
1067,0.992,0.021892818164535036,0.97925,0.06136406315834006
1068,0.993,0.01990142665902659,0.98275,0.05840240451306481
1069,0.99125,0.025183039349713453,0.98375,0.06606306231684012
1070,0.9935,0.01906540421734028,0.97875,0.07078826268856264
1071,0.9925,0.020419736510524585,0.9855,0.058633733562844154
1072,0.99125,0.024053716434495043,0.98425,0.0563765926435742
1073,0.9935,0.019033068408380465,0.97875,0.08677622075547553
1074,0.99125,0.02605505967428642,0.985,0.05212885045115575
1075,0.992,0.023189727947350938,0.9845,0.05535244729624633
1076,0.9945,0.01752770909144857,0.9845,0.059864539964911964
1077,0.9915,0.02328641762247014,0.981,0.07239137929248571
1078,0.992,0.022172466522175704,0.98375,0.05959916773524661
1079,0.99025,0.0263937203014139,0.982,0.06920822103702023
1080,0.994,0.01731124624168803,0.98325,0.058132986260979465
1081,0.99375,0.017124570549092295,0.98625,0.052630734364238825
1082,0.994,0.016787596563601976,0.97975,0.062057818937280615
1083,0.993,0.020681293100515908,0.98425,0.056390482972806695
1084,0.99425,0.019204582470204002,0.98525,0.05308673256249359
1085,0.99325,0.020472616448078382,0.981,0.06920797853282916
1086,0.992,0.02634413783793583,0.9875,0.051901957160879295
1087,0.9945,0.01822155002251523,0.98775,0.05103025274314468
1088,0.9935,0.024073680918896632,0.98025,0.07026413580831013
1089,0.99225,0.02272374106710693,0.98225,0.07208109466241656
1090,0.99175,0.024928884338102975,0.9855,0.06809641707160782
1091,0.99325,0.020497683442835354,0.98275,0.06166617199515721
1092,0.99075,0.023598806147674338,0.98,0.06377071852817906
1093,0.9955,0.01229940777839608,0.9825,0.06337769383618327
1094,0.995,0.014351833845070938,0.98575,0.050313090404770444
1095,0.99375,0.018721638944579986,0.9825,0.06284239872841353
1096,0.993,0.022590349508468444,0.9875,0.04681452894852283
1097,0.9935,0.017695784088760044,0.98375,0.05783805272044153
1098,0.99425,0.01715080592419259,0.98525,0.061866381665859185
1099,0.99175,0.02653646918680132,0.98375,0.06560397273600084
1100,0.994,0.016897938119604716,0.98175,0.06782007952481223
1101,0.9935,0.017943180239416306,0.9855,0.05718292733974569
1102,0.994,0.01575168325091006,0.98375,0.06229895742171269
1103,0.99325,0.017820349994804443,0.98175,0.06897181286657704
1104,0.99275,0.020094098720542127,0.9845,0.05698304896353582
1105,0.9915,0.023827704012162564,0.98625,0.05098552560563755
1106,0.9915,0.023461520795644272,0.9845,0.059855790119410696
1107,0.994,0.02052444946377508,0.9835,0.05440278174546046
1108,0.99325,0.020937507909258295,0.97825,0.07427683412268246
1109,0.99275,0.01920186724938828,0.98425,0.058624844179480794
1110,0.9925,0.02479816156635618,0.9825,0.05974756131468129
1111,0.99475,0.01480684498052838,0.984,0.05451315149448607
1112,0.9945,0.016084905398735937,0.98225,0.06997081062486898
1113,0.99525,0.017164229968909844,0.9835,0.059916673855237766
1114,0.9925,0.01942949895467116,0.98375,0.05348307813348626
1115,0.996,0.012865711628154268,0.98275,0.0709174623911862
1116,0.99375,0.015828799264449495,0.9825,0.06094999267629977
1117,0.99275,0.019184662172460634,0.986,0.05302530654348892
1118,0.99475,0.015857710398593055,0.9835,0.05872346167871506
1119,0.99425,0.018222752160534192,0.9835,0.06662713618130141
1120,0.995,0.013882949780761652,0.9835,0.062261615262074854
1121,0.9935,0.015838805264502133,0.98275,0.056089468272206636
1122,0.9935,0.022454417350407346,0.9865,0.049691221781583
1123,0.9945,0.019369990921689208,0.98875,0.042628317190242265
1124,0.99375,0.017411153137086983,0.98425,0.055756789988653965
1125,0.9935,0.01935675514429005,0.9835,0.058447080139045225
1126,0.9945,0.0158816938283689,0.98275,0.06341710574066692
1127,0.99325,0.018208595120630784,0.987,0.05128799287457443
1128,0.9955,0.016578182715700742,0.98475,0.06591759963644493
1129,0.99525,0.01524949011098926,0.9805,0.06961681104154577
1130,0.993,0.021283585469506712,0.981,0.064239383002644
1131,0.9945,0.017793930061252242,0.9815,0.07651339189847885
1132,0.99275,0.02014513459502147,0.984,0.06305103205763818
1133,0.99175,0.024729673959339317,0.979,0.08229455871608887
1134,0.99225,0.023013837102144892,0.98175,0.06991420525755163
1135,0.99225,0.021497506127378222,0.98525,0.05213713130161144
1136,0.99225,0.01926065481127252,0.98125,0.07076690582962296
1137,0.99275,0.01965403793697437,0.9835,0.0611294778613477
1138,0.99425,0.0192069506858278,0.98125,0.06131029147312118
1139,0.992,0.020455159035925003,0.986,0.05649257332648605
1140,0.99075,0.0264938743626872,0.98425,0.052599043736861285
1141,0.993,0.017402375330264234,0.9775,0.07731394263013523
1142,0.99175,0.01914412553369191,0.97975,0.06438696564523691
1143,0.99475,0.01331316435268506,0.983,0.06062734704379775
1144,0.99275,0.024384879933242596,0.98125,0.0635133277488781
1145,0.99275,0.018229198725861928,0.98425,0.05879599279726703
1146,0.9945,0.01650334747237346,0.9805,0.07403597190874305
1147,0.99125,0.022581401347742863,0.98375,0.063869702824787
1148,0.9935,0.01964034896829613,0.9805,0.07503202331570447
1149,0.99425,0.017115319674157657,0.98225,0.06872937982883036
1150,0.99325,0.019075685154284563,0.984,0.0573063305707025
1151,0.99325,0.020199438868870163,0.98325,0.07081068023519549
1152,0.9945,0.014313999713036357,0.98275,0.05883142338158466
1153,0.99375,0.017474233469620216,0.98225,0.07048656321376612
1154,0.995,0.016646436512361668,0.9845,0.050736141806923755
1155,0.9935,0.017928955708832166,0.98275,0.06381526083056363
1156,0.99175,0.021106012514504925,0.984,0.050566520154936546
1157,0.99325,0.017687964804973134,0.987,0.048619905616925606
1158,0.9935,0.01875699705404025,0.98575,0.05675159579001985
1159,0.9935,0.01834558046191171,0.98525,0.053927810099667225
1160,0.99425,0.01811855684615811,0.9845,0.058297486516844015
1161,0.99175,0.02566054164611007,0.9795,0.07487335495070666
1162,0.99225,0.02613685724393322,0.98825,0.049948781784992055
1163,0.99225,0.024622805499336688,0.98475,0.059051971752919444
1164,0.99275,0.01774758210066419,0.98175,0.06252669904583151
1165,0.99575,0.01265203731271791,0.98375,0.0682134859023534
1166,0.994,0.018027298218307838,0.98625,0.0638784167712651
1167,0.99425,0.015140254734882062,0.9845,0.05324566927299694
1168,0.99425,0.019252792596565975,0.98725,0.05251733000637953
1169,0.99275,0.01804232614969874,0.98675,0.06319816834777711
1170,0.99225,0.02556684737480798,0.9825,0.06451420956105398
1171,0.99375,0.018291653579852327,0.98475,0.05227331741521538
1172,0.9945,0.01569827647874764,0.9875,0.052987401935420606
1173,0.99425,0.021068116822496975,0.985,0.05502634327466451
1174,0.994,0.020172378557221586,0.98625,0.05525080307704085
1175,0.994,0.018983840752190628,0.98275,0.06279991110876983
1176,0.9935,0.020380836030342037,0.98525,0.053842371100533415
1177,0.99325,0.02369904201170091,0.98275,0.05927207109584333
1178,0.993,0.019419727419136352,0.98425,0.06242002475429368
1179,0.993,0.02151834919553368,0.982,0.06857152680597865
1180,0.994,0.018462097797493207,0.9825,0.06782662530449998
1181,0.99525,0.01482785676673691,0.98425,0.06361091424196375
1182,0.99525,0.01326696593811485,0.981,0.06650090539144332
1183,0.9945,0.016061506571716386,0.98425,0.0570537895175587
1184,0.99575,0.01409407028880024,0.9835,0.06138000975474783
1185,0.99125,0.020028313504721035,0.9845,0.07123523630097695
1186,0.9945,0.01634657338186494,0.984,0.06577831844535766
1187,0.99275,0.021974572199727035,0.98575,0.0500661886714487
1188,0.9925,0.019699104082002896,0.98225,0.06538261466598257
1189,0.992,0.023344551547341937,0.9825,0.0618800123561734
1190,0.993,0.01964280691190426,0.983,0.0640301164894592
1191,0.99325,0.017941061883234334,0.98525,0.056012277557454734
1192,0.99325,0.02019158794605583,0.98475,0.048259956070840306
1193,0.995,0.017283506907766904,0.98175,0.06921115500416765
1194,0.993,0.02115143252520037,0.98225,0.06378497845318103
1195,0.9925,0.01865547313629434,0.987,0.052085660452017846
1196,0.993,0.025524172039179185,0.98625,0.0515022332431481
1197,0.99475,0.016710626664037068,0.9845,0.06503256928872451
1198,0.99175,0.019658272056507997,0.97975,0.07234892733371821
1199,0.9925,0.02183294903325266,0.983,0.0599957466251316
1200,0.99225,0.020381232841224856,0.983,0.0623972233073223
1201,0.99275,0.02313667212810721,0.98525,0.06496866324706321
1202,0.99,0.02379794357393469,0.98625,0.05075495992901062
1203,0.9945,0.015237389119048853,0.9825,0.07468016349429775
1204,0.993,0.02054003999779919,0.98325,0.06619056659068465
1205,0.99425,0.01675938527838705,0.98175,0.06433210825852059
1206,0.9925,0.02080265453109566,0.98425,0.0566677012789928
1207,0.99475,0.018116118241536812,0.98425,0.05534516822422438
1208,0.99375,0.01464833893643305,0.98425,0.05951944510292019
1209,0.99225,0.021753862992170466,0.98425,0.06011973233136906
1210,0.995,0.015323287495174248,0.98325,0.060608922863312736
1211,0.994,0.015130152525344399,0.986,0.05592402402669348
1212,0.99575,0.014807317613986067,0.9875,0.04493370499285494
1213,0.99375,0.019195056896288136,0.98675,0.04794486755934197
1214,0.99525,0.01590830996421498,0.98475,0.06668125285000817
1215,0.99225,0.016850309251288022,0.9855,0.06031170103443338
1216,0.99525,0.015549703994490719,0.98525,0.05990489994714331
1217,0.99225,0.020472876480868762,0.98275,0.07000525027696605
1218,0.99375,0.014356889786711687,0.984,0.06313001060761303
1219,0.99175,0.021761396143847905,0.984,0.0623388966419529
1220,0.993,0.021229954186236355,0.98425,0.06460518844381868
1221,0.9945,0.017773410995602496,0.984,0.060127549357508935
1222,0.99275,0.020056771593976234,0.983,0.06462399784109767
1223,0.99175,0.02300656317857472,0.9875,0.05439878820794694
1224,0.9965,0.012057541399339572,0.984,0.056572650577935576
1225,0.9935,0.019312915147326134,0.9855,0.053827431294616986
1226,0.9945,0.01451073854837207,0.98425,0.0607146989927951
1227,0.995,0.01403247612793776,0.98775,0.05308000295337197
1228,0.99525,0.01759297984472043,0.984,0.06263172919057326
1229,0.99125,0.02018840346940508,0.98425,0.06303531611301214
1230,0.9945,0.01814234125104646,0.98725,0.0528840389603725
1231,0.993,0.02209488922977757,0.984,0.06637312903920417
1232,0.99475,0.017001381884428127,0.9855,0.06201076991417827
1233,0.9945,0.014384581518337521,0.985,0.05475983601964936
1234,0.99475,0.014370617281044152,0.9825,0.06884135267505524
1235,0.9925,0.01654153124927565,0.98175,0.062429871574390505
1236,0.99225,0.02461693480222723,0.98475,0.05904475866588189
1237,0.995,0.014024657553921195,0.98575,0.056740794341354726
1238,0.9925,0.016305836268774784,0.98575,0.05223516214590339
1239,0.995,0.015834943432805212,0.98625,0.05735189244463575
1240,0.99375,0.01674753795487571,0.9845,0.06229408947618945
1241,0.994,0.015763166634026597,0.98525,0.05819053522673959
1242,0.99375,0.01879729465412494,0.986,0.05091742969414504
1243,0.99425,0.0139162564512158,0.98575,0.056647054889999535
1244,0.9935,0.0182611575469778,0.985,0.05150947873752864
1245,0.995,0.015867701830361396,0.984,0.058470968422121544
1246,0.994,0.021835964331188947,0.98475,0.06188031244314274
1247,0.994,0.016127746408244957,0.985,0.05705738625698161
1248,0.9925,0.025183846554006933,0.98525,0.05831493472454252
1249,0.995,0.013512925998872986,0.98475,0.06101685315983238
1250,0.996,0.016884844343646885,0.98425,0.057252833876663474
1251,0.99675,0.01118638995831092,0.9835,0.06681705247271125
1252,0.993,0.01980674483719412,0.985,0.05879539923480665
1253,0.9945,0.01650914035042306,0.98425,0.06316969047511253
1254,0.99175,0.02558495149722301,0.98175,0.060826000413799944
1255,0.993,0.023344783219689743,0.98525,0.06582249087333086
1256,0.99475,0.014238145278402196,0.9795,0.0668355531938357
1257,0.9935,0.022362836969465994,0.983,0.06192916725553969
1258,0.994,0.014868397411250869,0.98325,0.06759471909256617
1259,0.99425,0.01716509717728792,0.9855,0.056417511714298034
1260,0.99125,0.026565694954670312,0.9845,0.05762616854691339
1261,0.99375,0.018944852975660828,0.9815,0.06165782785532727
1262,0.99375,0.018258690915864767,0.9845,0.05402147388866534
1263,0.99025,0.027990560435293157,0.9845,0.05719852758281605
1264,0.99325,0.018814959689529773,0.98275,0.06312416911866149
1265,0.993,0.015984475197489845,0.982,0.06972157514258175
1266,0.99275,0.021336688467178275,0.986,0.05612833470502681
1267,0.9945,0.019046370320592365,0.9845,0.06935628129795043
1268,0.9945,0.0163872767114787,0.98125,0.06693040869312185
1269,0.99575,0.013424188594803568,0.9835,0.06397758698567994
1270,0.99375,0.01864281062083177,0.9865,0.05752656801352701
1271,0.99325,0.017033807409600955,0.987,0.0556241388735495
1272,0.994,0.017277190958566713,0.983,0.0680505167586349
1273,0.99525,0.015197481367857818,0.98575,0.057249451288628295
1274,0.9935,0.019941789042328694,0.98675,0.05475974430404922
1275,0.9935,0.01792318373314542,0.9855,0.06522451188640312
1276,0.996,0.012171941485028712,0.98475,0.06251472894225457
1277,0.99475,0.014903375489755103,0.9865,0.06596080673334141
1278,0.99475,0.017991878243875555,0.9855,0.05415996054295654
1279,0.99425,0.01820725393328877,0.987,0.04844613383409106
1280,0.9945,0.014820399320483905,0.98475,0.060798496158309935
1281,0.9955,0.012072757410103172,0.9865,0.053470432336015804
1282,0.99425,0.019875372751706696,0.9855,0.06647945590560501
1283,0.99475,0.014599696902027632,0.98575,0.055980228722352525
1284,0.99375,0.018627210183815215,0.9865,0.05446907172876172
1285,0.99425,0.01793355031872356,0.98225,0.0676461533787921
1286,0.993,0.019137340188568216,0.988,0.06091045801249964
1287,0.996,0.014962061542903509,0.9865,0.059944970779567126
1288,0.9955,0.010412228310536582,0.98625,0.04823651590519131
1289,0.993,0.019764542313617135,0.98725,0.04414377215951669
1290,0.99275,0.018993593674050645,0.98775,0.0473973451594006
1291,0.9935,0.019146774395652297,0.98575,0.06279764200988858
1292,0.9935,0.017333776012405967,0.98225,0.06260712403518218
1293,0.995,0.014767792179042815,0.98175,0.058481633552901716
1294,0.993,0.016994979662573136,0.986,0.058468142481913475
1295,0.994,0.018467820046358423,0.987,0.0559941944204004
1296,0.9935,0.022047401361967225,0.98625,0.049995453936102024
1297,0.99375,0.018454482043311158,0.98625,0.05668706745344346
1298,0.99525,0.015191780408418716,0.984,0.0599250196755988
1299,0.993,0.018815853418783477,0.98275,0.06919101164546539
1300,0.99625,0.011252874148987032,0.98575,0.05462505435625424
1301,0.9955,0.015632309749782723,0.98525,0.06205829934230144
1302,0.9945,0.016008602406162482,0.982,0.06984136987077033
1303,0.99375,0.018888666643212332,0.98375,0.06363302991062172
1304,0.995,0.01722092665544476,0.98725,0.05431714602783718
1305,0.99475,0.013879039255426556,0.9865,0.053040859771454764
1306,0.99525,0.014863081793057226,0.9895,0.04601405029136045
1307,0.995,0.015565027809628759,0.98375,0.05470716424934524
1308,0.9975,0.011263235124529428,0.98625,0.05610995232660814
1309,0.99425,0.021769630880064825,0.98575,0.05573070921368937
1310,0.99425,0.015057736678312278,0.985,0.059429482734819614
1311,0.995,0.013440422161656928,0.985,0.05955361844739396
1312,0.99425,0.01464694048258338,0.98475,0.05811065117616229
1313,0.99525,0.013171361317868724,0.98325,0.06509359705089471
1314,0.99475,0.018141231352269218,0.985,0.055407035995955034
1315,0.9945,0.01652395408469387,0.98675,0.0537814713800519
1316,0.9935,0.017733022004861668,0.9815,0.07640488994294188
1317,0.99525,0.016025256574195536,0.985,0.05579707059586911
1318,0.99475,0.01847593542178043,0.9885,0.05057107892564141
1319,0.99275,0.01854966610104806,0.98425,0.06086065138496885
1320,0.99375,0.01959297844207234,0.9855,0.06058479888273404
1321,0.993,0.019167089922230006,0.9845,0.06308065842480658
1322,0.99225,0.021735600932821942,0.986,0.06109768578789959
1323,0.99375,0.020106359281260425,0.9845,0.04743309199899251
1324,0.993,0.020284687338646717,0.98625,0.04793650967213023
1325,0.99125,0.022152603942018394,0.98625,0.060951605949458094
1326,0.99075,0.025306456590944694,0.9885,0.048420289031833354
1327,0.994,0.016155883304741346,0.98625,0.05426829432251329
1328,0.99275,0.020071766038547035,0.98625,0.05470571964075861
1329,0.99575,0.014063342388737523,0.9845,0.05820460953526259
1330,0.9925,0.019533132784647494,0.98675,0.05071838871505855
1331,0.997,0.011764590135524753,0.98725,0.04871222597200409
1332,0.99475,0.018451620640480757,0.981,0.0678801770176758
1333,0.99225,0.020416232711535406,0.98025,0.06788729970170056
1334,0.99275,0.022099368693513106,0.984,0.05808560939996109
1335,0.99425,0.02020922387852586,0.98475,0.06116296538898521
1336,0.9945,0.018907375261834024,0.98375,0.0596647466744959
1337,0.994,0.017731325812639604,0.985,0.06382474915183906
1338,0.99475,0.018675540233121592,0.9835,0.06388995324025917
1339,0.994,0.01873342164995045,0.98375,0.06481796837653911
1340,0.9945,0.016915879572921483,0.98725,0.052204681960129666
1341,0.99425,0.01579944535800496,0.985,0.051221376109373114
1342,0.995,0.015405200756477342,0.985,0.05779599782521528
1343,0.996,0.012883240051477216,0.9845,0.05473787080412447
1344,0.993,0.01961338348597628,0.98475,0.059669860083256525
1345,0.99425,0.015179761201115798,0.98675,0.056888153713397005
1346,0.99275,0.01971942657466613,0.98475,0.04959459839264008
1347,0.9935,0.02107635889592164,0.98725,0.056003832728658214
1348,0.99525,0.013350396004815213,0.984,0.06200798206486844
1349,0.99575,0.01435854048242272,0.98575,0.0627542526661702
1350,0.9955,0.01546914736044176,0.98675,0.05049644441930531
1351,0.99725,0.009326334236556669,0.9855,0.0543375798409872
1352,0.9965,0.012457179996529278,0.98575,0.06992154030865291
1353,0.9965,0.010706870362983081,0.984,0.061207792153362944
1354,0.9955,0.013399837032629494,0.986,0.05990733205830991
1355,0.99425,0.014119718184835805,0.9865,0.0547171664352798
1356,0.99325,0.017853278774210432,0.98425,0.054134588331406226
1357,0.99425,0.02071623570860559,0.98625,0.052403531564220396
1358,0.996,0.010236288106872903,0.98875,0.04867874411316505
1359,0.99475,0.016806352930134764,0.985,0.059133641129630286
1360,0.9935,0.016694845833131786,0.98425,0.07163711951347032
1361,0.996,0.013125821898502069,0.98575,0.058169400076701225
1362,0.994,0.018241287773394583,0.985,0.05832465834630821
1363,0.99575,0.01566068713855736,0.98225,0.07163327104218536
1364,0.99575,0.013842582252770078,0.98125,0.061538394330464194
1365,0.9965,0.010966692994294132,0.989,0.0501836141126734
1366,0.99575,0.014278394904276417,0.98575,0.05898966450850285
1367,0.995,0.017002371881120356,0.98725,0.04780626274864093
1368,0.99425,0.019364189327061864,0.98825,0.054717914253861195
1369,0.99475,0.015863019531046126,0.98575,0.054455960578899135
1370,0.9945,0.016623978188983004,0.98525,0.05630886084572026
1371,0.9935,0.020841229828629574,0.98525,0.060060358941741804
1372,0.99425,0.016708041464913528,0.9855,0.05834720578138226
1373,0.9965,0.013216094283512841,0.9855,0.05830902428677514
